{"cameraMode":{"drawMode":0,"name":"Shaded","section":"Shading Mode"},"sceneLighting":true,"audioPlay":false,"sceneViewState":{"showFog":true,"showMaterialUpdate":false,"showSkybox":false,"showFlares":true,"showImageEffects":true,"showParticleSystems":true},"in2DMode":false,"pivot":{"x":-56.48012924194336,"y":-72.0983657836914,"z":14.484442710876465},"rotation":{"x":0.332896888256073,"y":-0.5816657543182373,"z":0.2820644676685333,"w":0.6865353584289551},"size":93.07437896728516,"orthographic":false}