{"cameraMode":{"drawMode":0,"name":"Shaded","section":"Shading Mode"},"sceneLighting":true,"audioPlay":false,"sceneViewState":{"showFog":true,"showMaterialUpdate":false,"showSkybox":true,"showFlares":true,"showImageEffects":true,"showParticleSystems":true},"in2DMode":false,"pivot":{"x":18.345903396606447,"y":-24.353343963623048,"z":64.85175323486328},"rotation":{"x":-0.23482589423656465,"y":-0.6679202914237976,"z":0.23552243411540986,"w":-0.6659937500953674},"size":34.294620513916019,"orthographic":false}