{"cameraMode":{"drawMode":0,"name":"Shaded","section":"Shading Mode"},"sceneLighting":true,"audioPlay":false,"sceneViewState":{"showFog":true,"showMaterialUpdate":false,"showSkybox":false,"showFlares":true,"showImageEffects":true,"showParticleSystems":true},"in2DMode":false,"pivot":{"x":-52.707210540771487,"y":-22.746952056884767,"z":63.468605041503909},"rotation":{"x":0.12757906317710877,"y":-0.37052783370018008,"z":0.05145862326025963,"w":0.9186012744903565},"size":93.07437896728516,"orthographic":false}