{"cameraMode":{"drawMode":0,"name":"Shaded","section":"Shading Mode"},"sceneLighting":true,"audioPlay":false,"sceneViewState":{"showFog":true,"showMaterialUpdate":false,"showSkybox":false,"showFlares":true,"showImageEffects":true,"showParticleSystems":true},"in2DMode":false,"pivot":{"x":-74.6642837524414,"y":-28.259544372558595,"z":4.342339515686035},"rotation":{"x":0.12064454704523087,"y":-0.7007966041564941,"z":0.12210117280483246,"w":0.6924343705177307},"size":93.07437896728516,"orthographic":false}